Model,Relative Closeness,Rank
USE,0.791780546926781,1.0
DistilBERT,0.7039753005216164,2.0
BERT,0.6349039502505002,3.0
RoBERTa,0.5882631337247993,4.0
Sentence-BERT,0.5565254403108247,5.0
