Model,Accuracy,Speed,Memory Usage,Ease of Use,S_best,S_worst,Relative Closeness,Rank
USE,0.9,0.3,300,9,0.035728545802143824,0.1358622699204396,0.791780546926781,1.0
DistilBERT,0.89,0.4,350,9,0.05758621247338289,0.1369455700935916,0.7039753005216164,2.0
BERT,0.92,0.5,400,8,0.08403962019473044,0.1461453414130213,0.6349039502505002,3.0
RoBERTa,0.91,0.6,450,7,0.11186348066082967,0.15982334124756187,0.5882631337247993,4.0
Sentence-BERT,0.93,0.7,500,8,0.13770541524188676,0.17280938709176333,0.5565254403108247,5.0
